<?xml version="1.0" encoding="UTF-8" standalone="no"?>
<Bundle SchemaVersion="5.0" IgnorableNamespaces="b4 b5" xmlns="http://schemas.microsoft.com/appx/2013/bundle" xmlns:b4="http://schemas.microsoft.com/appx/2018/bundle" xmlns:b5="http://schemas.microsoft.com/appx/2019/bundle">
	<Identity Name="5319275A.WhatsAppDesktop" Publisher="CN=24803D75-212C-471A-BC57-9EF86AB91435" Version="2.2319.7.0"/>
	<Packages>
		<Package Type="application" Version="2.2319.7.0" Architecture="x64" FileName="WhatsApp_2.2319.7.0_x64.msix" Offset="15801095" Size="79750891">
			<Resources>
				<Resource Language="AF"/>
				<Resource Language="AR"/>
				<Resource Language="AZ-LATN-AZ"/>
				<Resource Language="BG"/>
				<Resource Language="BN"/>
				<Resource Language="CA"/>
				<Resource Language="CS"/>
				<Resource Language="DA"/>
				<Resource Language="DE"/>
				<Resource Language="EL"/>
				<Resource Language="EN"/>
				<Resource Language="ES"/>
				<Resource Language="ET"/>
				<Resource Language="FA"/>
				<Resource Language="FI"/>
				<Resource Language="FIL"/>
				<Resource Language="FR"/>
				<Resource Language="GU"/>
				<Resource Language="HE"/>
				<Resource Language="HI"/>
				<Resource Language="HR"/>
				<Resource Language="HU"/>
				<Resource Language="ID"/>
				<Resource Language="IT"/>
				<Resource Language="JA"/>
				<Resource Language="KK"/>
				<Resource Language="KN"/>
				<Resource Language="KO"/>
				<Resource Language="LT"/>
				<Resource Language="LV"/>
				<Resource Language="MK"/>
				<Resource Language="ML"/>
				<Resource Language="MR"/>
				<Resource Language="MS"/>
				<Resource Language="NB"/>
				<Resource Language="NL"/>
				<Resource Language="PA"/>
				<Resource Language="PL"/>
				<Resource Language="PT-BR"/>
				<Resource Language="PT-PT"/>
				<Resource Language="RO"/>
				<Resource Language="RU"/>
				<Resource Language="SK"/>
				<Resource Language="SL"/>
				<Resource Language="SQ"/>
				<Resource Language="SR-LATN-CS"/>
				<Resource Language="SV"/>
				<Resource Language="SW"/>
				<Resource Language="TA"/>
				<Resource Language="TE"/>
				<Resource Language="TH"/>
				<Resource Language="TR"/>
				<Resource Language="UK"/>
				<Resource Language="UR"/>
				<Resource Language="UZ-LATN-UZ"/>
				<Resource Language="VI"/>
				<Resource Language="ZH-CN"/>
				<Resource Language="ZH-HK"/>
				<Resource Language="ZH-TW"/>
				<Resource Scale="100"/>
			</Resources>
			<b4:Dependencies>
				<b4:TargetDeviceFamily Name="Windows.Universal" MinVersion="10.0.18362.0" MaxVersionTested="10.0.19041.0"/>
			</b4:Dependencies>
		</Package>
		<Package Type="resource" Version="2.2319.7.0" ResourceId="split.scale-120" FileName="WhatsApp_2.2319.7.0_scale-120.msix" Offset="64" Size="134183">
			<Resources>
				<Resource Scale="120"/>
			</Resources>
			<b4:Dependencies>
				<b4:TargetDeviceFamily Name="Windows.Universal" MinVersion="10.0.18362.0" MaxVersionTested="10.0.19041.0"/>
			</b4:Dependencies>
		</Package>
		<Package Type="resource" Version="2.2319.7.0" ResourceId="split.scale-125" FileName="WhatsApp_2.2319.7.0_scale-125.msix" Offset="134335" Size="603681">
			<Resources>
				<Resource Scale="125"/>
			</Resources>
			<b4:Dependencies>
				<b4:TargetDeviceFamily Name="Windows.Universal" MinVersion="10.0.18362.0" MaxVersionTested="10.0.19041.0"/>
			</b4:Dependencies>
		</Package>
		<Package Type="resource" Version="2.2319.7.0" ResourceId="split.scale-140" FileName="WhatsApp_2.2319.7.0_scale-140.msix" Offset="738104" Size="62021">
			<Resources>
				<Resource Scale="140"/>
			</Resources>
			<b4:Dependencies>
				<b4:TargetDeviceFamily Name="Windows.Universal" MinVersion="10.0.18362.0" MaxVersionTested="10.0.19041.0"/>
			</b4:Dependencies>
		</Package>
		<Package Type="resource" Version="2.2319.7.0" ResourceId="split.scale-150" FileName="WhatsApp_2.2319.7.0_scale-150.msix" Offset="800213" Size="755194">
			<Resources>
				<Resource Scale="150"/>
			</Resources>
			<b4:Dependencies>
				<b4:TargetDeviceFamily Name="Windows.Universal" MinVersion="10.0.18362.0" MaxVersionTested="10.0.19041.0"/>
			</b4:Dependencies>
		</Package>
		<Package Type="resource" Version="2.2319.7.0" ResourceId="split.scale-160" FileName="WhatsApp_2.2319.7.0_scale-160.msix" Offset="1555495" Size="691341">
			<Resources>
				<Resource Scale="160"/>
			</Resources>
			<b4:Dependencies>
				<b4:TargetDeviceFamily Name="Windows.Universal" MinVersion="10.0.18362.0" MaxVersionTested="10.0.19041.0"/>
			</b4:Dependencies>
		</Package>
		<Package Type="resource" Version="2.2319.7.0" ResourceId="split.scale-180" FileName="WhatsApp_2.2319.7.0_scale-180.msix" Offset="2246924" Size="63897">
			<Resources>
				<Resource Scale="180"/>
			</Resources>
			<b4:Dependencies>
				<b4:TargetDeviceFamily Name="Windows.Universal" MinVersion="10.0.18362.0" MaxVersionTested="10.0.19041.0"/>
			</b4:Dependencies>
		</Package>
		<Package Type="resource" Version="2.2319.7.0" ResourceId="split.scale-200" FileName="WhatsApp_2.2319.7.0_scale-200.msix" Offset="2310909" Size="1027058">
			<Resources>
				<Resource Scale="200"/>
			</Resources>
			<b4:Dependencies>
				<b4:TargetDeviceFamily Name="Windows.Universal" MinVersion="10.0.18362.0" MaxVersionTested="10.0.19041.0"/>
			</b4:Dependencies>
		</Package>
		<Package Type="resource" Version="2.2319.7.0" ResourceId="split.scale-225" FileName="WhatsApp_2.2319.7.0_scale-225.msix" Offset="3338055" Size="1203243">
			<Resources>
				<Resource Scale="225"/>
			</Resources>
			<b4:Dependencies>
				<b4:TargetDeviceFamily Name="Windows.Universal" MinVersion="10.0.18362.0" MaxVersionTested="10.0.19041.0"/>
			</b4:Dependencies>
		</Package>
		<Package Type="resource" Version="2.2319.7.0" ResourceId="split.scale-250" FileName="WhatsApp_2.2319.7.0_scale-250.msix" Offset="4541386" Size="1432484">
			<Resources>
				<Resource Scale="250"/>
			</Resources>
			<b4:Dependencies>
				<b4:TargetDeviceFamily Name="Windows.Universal" MinVersion="10.0.18362.0" MaxVersionTested="10.0.19041.0"/>
			</b4:Dependencies>
		</Package>
		<Package Type="resource" Version="2.2319.7.0" ResourceId="split.scale-300" FileName="WhatsApp_2.2319.7.0_scale-300.msix" Offset="5973958" Size="1836885">
			<Resources>
				<Resource Scale="300"/>
			</Resources>
			<b4:Dependencies>
				<b4:TargetDeviceFamily Name="Windows.Universal" MinVersion="10.0.18362.0" MaxVersionTested="10.0.19041.0"/>
			</b4:Dependencies>
		</Package>
		<Package Type="resource" Version="2.2319.7.0" ResourceId="split.scale-400" FileName="WhatsApp_2.2319.7.0_scale-400.msix" Offset="7810931" Size="3336992">
			<Resources>
				<Resource Scale="400"/>
			</Resources>
			<b4:Dependencies>
				<b4:TargetDeviceFamily Name="Windows.Universal" MinVersion="10.0.18362.0" MaxVersionTested="10.0.19041.0"/>
			</b4:Dependencies>
		</Package>
		<Package Type="resource" Version="2.2319.7.0" ResourceId="split.scale-500" FileName="WhatsApp_2.2319.7.0_scale-500.msix" Offset="11148011" Size="4653002">
			<Resources>
				<Resource Scale="500"/>
			</Resources>
			<b4:Dependencies>
				<b4:TargetDeviceFamily Name="Windows.Universal" MinVersion="10.0.18362.0" MaxVersionTested="10.0.19041.0"/>
			</b4:Dependencies>
		</Package>
	</Packages>
</Bundle>
